Title,Distance,Explain,DriveCourseID,LocalID,WithID,ViewID,ActiveID,Image
여수 오션뷰 힐링 드라이브 코스,코스 총거리 : 8.6km,전라남도 대표 미항(美港)인 여수에서는 다양한 매력의 바다를 즐길 수 있다. 울창한 마래산을 지나 남해와 마주보는 바다를 끼고 힐링을 즐길 수 있는 드라이브 코스로 3가지의 매력을 가진 해변을 만나보자.,DC001,LC007,"WT001, WT002, WT003, WT004","VW001, VW002, VW003","AC001, AC002, AC004",https://cdn.visitkorea.or.kr/img/call?cmd=VIEW&id=abd9fae1-a8e3-4b42-ab02-75592f4b31f1
안면도 여행,코스 총거리 : 86.4km,안면도여행 당일 코스로 즐기기 해안가로 드라이브 여햄 낙조와 힐링을 느껴보세요,DC002,LC003,"WT001, WT002, WT003, WT004","VW001, VW002, VW003, VW004, VW006, VW007, VW008","AC001, AC004, AC005, AC006",https://cdn.visitkorea.or.kr/img/call?cmd=VIEW&id=
포항여행,코스 총거리 : 58.9km,"아빠엄마와 함께 가족여행 일정표 포항 볼거리, 해안둘레길 드라이브코스 추천",DC003,LC006,"WT001, WT002, WT003, WT004, WT005","VW001, VW002, VW003, VW004, VW005, VW008","AC002, AC003, AC004, AC005, AC006",https://cdn.visitkorea.or.kr/img/call?cmd=VIEW&id=ed0355a6-f4ed-420f-bec9-85aba614d06c
바다보고 계곡 트레킹까지 대자연속으로,코스 총거리 : 67.1km,"동해의 아름다운 해안도로 삼척항에서 드라이브 - 중앙시장으로 이동해서 점심식사 - 저녁과 다음날 식량을 구입 - 덕풍계곡마을에서 민박 또는 캠핑 - 점심 도시락을 들고 덕풍계곡 트레킹 - 민박 또는 캠핑 - 마을 근처에서 식사 - 시원한 삼척초당굴을 마지막 일정으로 2박 3일 코스이다. 바다 구경에 대자연을 경험할 수 있는 덕풍계곡, 아름다운 한국을 경험할 수 있다.",DC004,LC002,"WT001, WT002, WT003, WT004, WT005","VW001, VW003","AC001, AC002, AC003, AC004, AC005",https://cdn.visitkorea.or.kr/img/call?cmd=VIEW&id=cf4a3a5d-af5b-4004-a401-d5e92283b237
언택트 힐링,코스 총거리 : 141.3km,"코로나19 싹쓰리 강원도 여름 힐링 여행  1. 숙박시설: 가. 삼척 *장호비치캠핑장(동해바다 캠핑장 1순위, 예약 BTS 콘서트티켓팅 급 ) http://www.janghocamping.kr * 장호용화관광랜드호텔 (용화관광랜드 식당이 가성비 갑! 만족도 ★★★★) http://jhyhland.com * 그리다 용화(2019년 7월 신축모던 펜션) http://drawingyh.placecompany.kr  나. 고성 * 송지호 오토캠핑장 (아이들이 놀기좋은 바닷가캠핑장) http://camping.gwgs.go.kr/ * 봉수대오토캠핑장 (수상레저,바닷가 캠핑, 카라반, 캠핑 야영장) http://www.bongsucamp.com/main/  2. 주변 관광지 (즐길거리) ""한국의 나폴리, 장호항""  스노쿨링 성지, 투명카누, 삼척 해양레일바이크(용화역-궁촌역) 삼척 해상케이블카 , 용화해수욕장 서핑강습 등  3. 언택트 힐링 해안코스 드라이브 ""이사부길""  코로나 위협으로부터 안전한 해안 드라이브 여행(이사부길 코스여행)",DC005,LC002,"WT001, WT002, WT003, WT004","VW001, VW002, VW003","AC001, AC004",https://cdn.visitkorea.or.kr/img/call?cmd=VIEW&id=72ad29e6-a9cb-4b43-a10e-b60b45df2817
강원 북부 최고의 드라이브 코스로만 짜여진 아름다운 로드트립 코스,코스 총거리 : 약 260km,"단언컨, 이 코스는 차에서 내리지 않아도 충분히 만족할 풍경을 제공하는 드라이브 명소이다. 하지만 잠시 차에서 내린다면 인생 최고의 사진을 남길 수 있는 곳이기도 하다.",DC006,LC002,"WT001, WT002, WT003, WT004","VW001, VW002, VW003, VW004, VW006","AC001, AC002, AC004, AC006",https://cdn.visitkorea.or.kr/img/call?cmd=VIEW&id=84d0c48d-7609-4073-82b5-12e0da03cd57
"산, 강, 호수를 넘나드는 드라이브",코스 총거리 : 49km,"파란 하늘보다 더 쪽빛으로 일렁이는 호수가 있고, 그 호수를 끼고 달리는 그림 같은 길이 있다. 의암호 따라 도는 호반길이다. 호수를 따라 잔잔한 호반의 풍경과 삼악산을 위시한 산들이 어우러져 풍경화 같은 모습을 연출한다. 길 따라 애니메이션박물관, 인형극장, 소양강처녀상 등 볼거리도 많다.",DC007,LC002,"WT001, WT002","VW001, VW002, VW003, VW004","AC001, AC002, AC004",https://cdn.visitkorea.or.kr/img/call?cmd=VIEW&id=bf93fbb1-b842-4be7-9296-2e9b0d88e096
포토 스팟을 따라가는 자유로 드라이브 당일 코스,코스 총거리 : 약 70km,자유로를 드라이브하며 기분 좋게 출발해 파주 DMZ 곤돌라도 타보는 당일코스로 연인이 함께 드라이브하며 사진 한 장의 추억을 남길 수 있다. 코스 일대의 트렌디한 베이커리 카페에서도 휴식을 취하며 SNS 업로드용 사진 촬영이 가능하다.,DC008,LC001,"WT001, WT002",VW004,"AC001, AC004",https://cdn.visitkorea.or.kr/img/call?cmd=VIEW&id=a3dac92d-cae3-46bb-b9cf-194e909ac69e
바다와 호수가 만들어준 멋진 드라이브 코스 1,코스 총거리 : 19.79km,고생태 관광 도시로 새롭게 떠오르고 있는 안산. 광활한 갈대밭 위로 바람이 지나가고 철새들이 날아들어 쉬어가는 풍경이 아주 매력적인 곳이다. 시화호와 대부도로 이어지는 길은 별다른 준비 없이도 일상 탈출의 즐거움을 맛볼 수 있는 멋진 드라이브 코스다.,DC009,LC001,"WT001, WT002, WT003, WT004","VW001, VW004","AC002, AC004, AC006",https://cdn.visitkorea.or.kr/img/call?cmd=VIEW&id=a5afff70-b928-4b06-bf5b-1a2c7469851c
백운호수따라 즐기는 드라이브와 별미여행,코스 총거리 : 20.6km,"백운호수는 1953년 준공한 인공호수로 청계산과 백운산, 모락산이 병풍처럼 둘러싸고 있는 곳으로 경관이 수려하고, 드라이브 코스 뿐 아니라 음식점과 카페가 밀집되어 있어 드라이브나 데이트 코스로 잘 알려진 곳이다. 백운산의 백운사와 청계산의 청계사 뿐 아니라 100년 역사를 자랑하는 하우현성당까지 만나볼 수 있다.",DC010,LC001,WT002,"VW001, VW002, VW004, VW006","AC001, AC002, AC005",https://cdn.visitkorea.or.kr/img/call?cmd=VIEW&id=fe905940-6a0f-447a-999d-badc380e9e7a
"(강릉~고성) 풍경 따라 맛 따라, 7번 국도 드라이브",코스 총거리 : 99.85km,연곡면 영진2리에 있으며 조용하고 깨끗하여 동호인이나 가족단위로 피서를 즐기기에 적합한 곳으로서 바다 냄새가 물씬 풍기는 조그마한 어촌 마을이다.,DC011,LC002,"WT001, WT002","VW001, VW002, VW003, VW004","AC001, AC005",https://cdn.visitkorea.or.kr/img/call?cmd=VIEW&id=13164319-5f2b-4c83-a212-cca0ba520c10
서해 제일의 석양부터 야경까지 아우르는 드라이브 코스,코스 총거리 : 약 55km,백령도부터 강화군과 김포시로 이어지는 코스로 너른 갯벌과 황홀한 일몰이 어우러진 서해 해안 도로를 달리고 화려한 불빛이 반짝이는 금빛 수로 풍경 안으로 들어간다.,DC012,LC001,"WT001, WT002, WT003, WT004",VW004,"AC004, AC005, AC006",https://cdn.visitkorea.or.kr/img/call?cmd=VIEW&id=15f19a3d-6e8b-425f-bf9c-07b4a13f484e
낭만은 짜릿하다! 낭만과 스릴을 동시에 만나는 드라이브 코스,코스 총거리 : 약 160km,"화천군과 인제군, 고성군까지 멋과 맛이 가득한 코스로 구불구불한 아홉 구비 도로를 지나 국내 최대 규모의 서킷 경주장과 동해를 벗 삼은 해안 도로를 달린다.",DC013,LC002,WT002,"VW001, VW002, VW004, VW006","AC001, AC002, AC004, AC005, AC006",https://cdn.visitkorea.or.kr/img/call?cmd=VIEW&id=a1fc0667-7324-4316-bb18-8a09e680556f
"동해안일주해안도로(양양), 등뼈를 타고 달리다!",코스 총거리 : 약 37km,"동해안일주해안도로는 총길이 500km가 넘는 국도 7호선 드라이브 코스로 동해바다의 깊고 푸른 길과 함께 한다. 동해안일주해안도로는 한반도 우측인 동해 라인의 아름다운 바다도시들을 두루 거치는 코스로 고성부터 시작해서 속초, 양양, 강릉, 동해, 삼청, 울진, 영덕을 거쳐 포항, 울산, 부산까지 이른다. 이중 양양은 동해안일주해안도로 구간 중 유독 이국적인 매력을 담고 있는 곳이다. 동해의 블루 바다, 깨끗하고 고운 백사장, 해변을 따라 줄지어 선 트리, 서퍼비치 등 천혜의 자연경관과 독특한 분위기가 조화롭게 어우러져 있다.",DC014,LC002,"WT001, WT002, WT003, WT004","VW001, VW004, VW006","AC001, AC002, AC003, AC004, AC005, AC006",https://cdn.visitkorea.or.kr/img/call?cmd=VIEW&id=5a0c4cfb-1d1d-4696-a167-20a35a1906b8
"동해안일주해안도로(속초), 등뼈를 타고 달리다!",코스 총거리 : 약 16km,"동해안일주해안도로는 총길이 500km가 넘는 국도 7호선 드라이브 코스로 동해바다의 깊고 푸른 길과 함께 한다. 동해안일주해안도로는 한반도 우측인 동해 라인의 아름다운 바다도시들을 두루 거치는 코스로 고성부터 시작해서 속초, 양양, 강릉, 동해, 삼척, 울진, 영덕을 거처 포항, 울산, 부산까지 이른다. 이중 속초는 동해안 고속도로를 타고 들어설 때부터 여행이 시작되는 곳이다. 언제나 깊고 푸른 바다를 만날 수 있고 아름다운 해변과 항구, 웅장한 명산, 운치 가득한 청초호 등 가볼만한 명소가 즐비하고 다양한 먹거리가 풍부하다.  ※ 하단의 지도를 확대하여 코스별 상세 위치를 확인할 수 있습니다. 지도상의 코스가 겹치는 경우 지도를 확대하여 확인해주세요. (원하는 위치에서 마우스 휠 또는 손가락을 이용하여 지도 확대보기가 가능합니다.)",DC015,LC002,"WT001, WT002, WT003, WT004, WT005","VW001, VW002, VW003","AC001, AC003, AC004",https://cdn.visitkorea.or.kr/img/call?cmd=VIEW&id=e39286c4-5de5-45a2-9d0b-f7bc98b36f34
"국도 17호선, 섬진강 따라 사계를 달리다!",코스 총거리 : 28.8km,"국도 17호선 중 숲과 강의 풍경을 한 번에 담을 수 있는 곳이 전남 곡성에서 구례에 이르는 드라이브 구간이다. 곡성 읍내로 진입하는 도로부터 이어지는 약 800m의 우람한 메타세콰이어 길은 여름에는 푸르름으로, 가을에는 황금빛으로 물들어 아름답다. 이 길을 벗어나면 아름다운 섬진강을 따라 구례까지 시원스럽게 달리게 된다. 특히 중간쯤인 곡성-압록 구간은 봄이면 분홍빛 철쭉길이 볼만하며 기차마을에서 출발하는 증기기관차를 닮은 기차와 함께 달리는 짜릿한 즐거움도 만끽할 수 있다. ㆍ코스 정보 : 곡성역~구례구역(28.8km)  ※ 하단의 지도를 확대하여 코스별 상세 위치를 확인할 수 있습니다. 지도상의 코스가 겹치는 경우 지도를 확대하여 확인해주세요. (원하는 위치에서 마우스 휠 또는 손가락을 이용하여 지도 확대보기가 가능합니다.)",DC016,LC007,"WT001, WT002","VW001, VW002, VW004","AC001, AC002, AC004, AC006",https://cdn.visitkorea.or.kr/img/call?cmd=VIEW&id=4295f57d-2d4a-4ffb-91e3-17ff35071255
"물미해안도로, 미풍에 밀려 매혹적인 해안으로 빠져들다!",코스 총거리 : 약 35.2km,"물미해안도로는 이국적이고 매혹적인 해안도로. 특히 남해의 유명한 드라이브 코스로 정평이 나있다. 혹자는 한려해상을 품은 비단길이라 말하기도 한다. 그 이유는 구불구불 굽이도는 길에 꽃과 단풍, 기암괴석, 그 아래로 펼쳐진 에메랄드빛 바다까지 어우러진 모습이 마치 비단처럼 곱고 아름답기 때문이다. 특히 하늘에서 내려다본 물미해안도로는 명품 풍경의 진수를 보여준다.  ※ 하단의 지도를 확대하여 코스별 상세 위치를 확인할 수 있습니다. 지도상의 코스가 겹치는 경우 지도를 확대하여 확인해주세요. (원하는 위치에서 마우스 휠 또는 손가락을 이용하여 지도 확대보기가 가능합니다.)",DC017,LC005,"WT001, WT002, WT003, WT004","VW001, VW002, VW003, VW004","AC001, AC002, AC004",https://cdn.visitkorea.or.kr/img/call?cmd=VIEW&id=b45001a4-f729-4697-8c63-8e2fbf149df7
배타고 드라이브하고 여수를 즐긴다!,코스 총거리 : 50km(여수-금오도 뱃길 제외),아름다운 항구 도시 여수의 매력을 골고루 맛보는 코스. 동백꽃으로 유명한 오동도에서 산책을 즐긴 후 절벽 위 기암괴석들 사이에 서 있는 향일암을 관람한다. 때 묻지 않은 자연환경을 간직한 금오도를 카훼리를 타고 들어가 해안도로를 따라 드라이브도 즐겨보자. 한려수도 유람선을 타면 바다에서 보이는 여수 풍광을 감상할 수 있다.,DC018,LC007,"WT002, WT003, WT005","VW001, VW002, VW003, VW004, VW006","AC001, AC002, AC005",https://cdn.visitkorea.or.kr/img/call?cmd=VIEW&id=70875873-7043-4904-be2b-871f3fd8e1d2
함백산 만항재,코스 총거리 : 약 8.3km,"함백산 만항재는 우리나라 고원 드라이브 코스의 정수이자 차로 오를 수 있는 가장 높은 고갯길이다. 만항재는 강원도 정선과 영월, 태백의 경계를 이루는 고개로 무려 1,330m에 달한다. 남한에서는 여섯 번째로 높다는 함백산을 턱밑까지 갈 수 있는 곳이다. ㆍ코스 정보 : 화방재~만항재(약 8.3km)  ※ 하단의 지도를 확대하여 코스별 상세 위치를 확인할 수 있습니다. 지도상의 코스가 겹치는 경우 지도를 확대하여 확인해주세요. (원하는 위치에서 마우스 휠 또는 손가락을 이용하여 지도 확대보기가 가능합니다.)",DC019,LC002,"WT001, WT002, WT004","VW001, VW002, VW004, VW006","AC001, AC002, AC003, AC004",https://cdn.visitkorea.or.kr/img/call?cmd=VIEW&id=8f7bf86a-3a78-4a29-be6f-7df67a9291f1
"동해안일주해안도로(울진), 등뼈를 타고 달리다!",코스 총거리 : 약 45km,"동해안일주해안도로는 총길이 500km가 넘는 국도 7호선 드라이브 코스로 동해바다의 깊고 푸른 길과 함께 한다. 동해안일주해안도로는 한반도 우측인 동해 라인의 아름다운 바다도시들을 두루 거치는 코스로 고성부터 시작해서 속초, 양양, 강릉, 동해, 삼척, 울진, 영덕을 거처 포항, 울산, 부산까지 이른다. 이중 울진은 동해일주해안도로 중 경상도 지역의 첫 관문이자 색다른 멋과 맛을 느낄 수 있는 고장이다. 울진의 자랑거리는 역시 시원한 바다 풍광과 함께 하는 별미 여행이다. 바다의 매력에 빠져 보고 죽변항, 후포항에서 대게를 맛보고, 무창포에서 주꾸미, 도다리를 시식한 다음 후보, 오천항에서 키조개를 탐식하면 최고의 미각 여행이 마무리된다. 그리고 아담하고 포근한 항구에서는 유유자적 낚시도 즐길 수 있다.  ※ 하단의 지도를 확대하여 코스별 상세 위치를 확인할 수 있습니다. 지도상의 코스가 겹치는 경우 지도를 확대하여 확인해주세요. (원하는 위치에서 마우스 휠 또는 손가락을 이용하여 지도 확대보기가 가능합니다.)",DC020,LC006,"WT002, WT003","VW001, VW002, VW003, VW004, VW007","AC001, AC002",https://cdn.visitkorea.or.kr/img/call?cmd=VIEW&id=5deba5cf-28a4-40de-9433-4401fd26423a
"변산반도해안도로, 파란 바다, 세월의 파도, 꿈틀대는 자연에 취하다!",코스 총거리 : 35.4km,"변산반도해안도로는 새만금방조제를 건너 전북 부안군 변산면 대항리의 국도 30호선 해안도로와 만나면서 시작된다. 구불구불 해안선을 따라 채석강, 격포항, 곰소항까지 달리는 35.4km 구간으로 환상의 드라이브 코스다. 시원하게 쭉 뻗은 파란 바다뿐 아니라 호젓한 해안 마을, 수만 년 파도에 쓸려 독특한 모양을 빚어낸 해안절벽, 생명들의 보고 갯벌, 신비한 변산반도 국립공원 외변산의 주요 명소 그리고 크고 작은 변산반도의 해변과도 만나게 된다.  ※ 하단의 지도를 확대하여 코스별 상세 위치를 확인할 수 있습니다. 지도상의 코스가 겹치는 경우 지도를 확대하여 확인해주세요. (원하는 위치에서 마우스 휠 또는 손가락을 이용하여 지도 확대보기가 가능합니다.)",DC021,LC008,"WT001, WT002, WT003, WT004","VW001, VW003",AC001,https://cdn.visitkorea.or.kr/img/call?cmd=VIEW&id=44fb7e0b-0016-425f-b521-ff9db58d0bbb
"영광백수해안도로, 해안선 따라 해넘이의 파노라마가 물결치다!",코스 총거리 : 약 18.4km,"삼면이 바다인 우리나라는 동해, 서해, 남해 어디를 가도 짜릿한 해안 풍광을 맛볼 수 있지만 유독 노을이 아름다운 해안도로는 서해 쪽에 몰려 있다 해도 과언이 아니다. 전남 영광 백수해안도로는 환상의 드라이브 코스로 해넘이가 으뜸인 곳이다. 구간은 영광군 백수읍 길용리에서 백암리 석구미 마을까지의 약 18.4km로 해안을 따라 달리면서 기암괴석과 광활한 갯벌, 불타는 저녁놀을 한꺼번에 감상할 수 있다. 백수해안도로의 하이라이트는 뭐니 뭐니 해도 일몰인데 아름다운 해넘이를 차 안에서 파노라마로 만끽할 수 있다. 물결치듯 빨려 들어가는 붉은 태양의 장엄한 모습은 넋이 나갈 정도로 아름답다. ㆍ코스 정보 : 영광군 백수읍 길용리~백암리 석구마마을(약 18.4km)  ※ 하단의 지도를 확대하여 코스별 상세 위치를 확인할 수 있습니다. 지도상의 코스가 겹치는 경우 지도를 확대하여 확인해주세요. (원하는 위치에서 마우스 휠 또는 손가락을 이용하여 지도 확대보기가 가능합니다.)",DC022,LC007,WT002,"VW001, VW002, VW003",AC002,https://cdn.visitkorea.or.kr/img/call?cmd=VIEW&id=d42ad1d5-f3b1-4f3e-99f8-11bfdcb7a8df
"해금강해안도로, 클래식블루 톤의 유혹!",코스 총거리 : 10.4km,"해안도로를 따라 달리는 드라이브 코스의 관광 스폿은 비대면 여행의 백미이다. 산과 들, 바다, 하늘, 바위까지 자연으로 빚어낸 온갖 것들을 만날 수 있다. 계절에 상관없이 여행을 할 수 있는 장점도 있다. 남쪽에는 이름만 들어도 달려가고 싶은 해안도로가 무척 많다. 특히 에메랄드빛 바다와 억겁의 시간과 파도가 만들어낸 기암괴석과 겹겹이 쌓인 바위층, 거기에 자그락자그락 몽돌들의 합창소리가 울려 퍼지는 해변까지.. 이 모든 것을 한 번에 담을 수 있는 곳이 바로 거제도 해금강해안도로이다. 남태평양의 작은 섬 같기도 하고 그리스 산토리니 같은 이국적인 풍경도 가지고 있다.  ※ 하단의 지도를 확대하여 코스별 상세 위치를 확인할 수 있습니다. 지도상의 코스가 겹치는 경우 지도를 확대하여 확인해주세요. (원하는 위치에서 마우스 휠 또는 손가락을 이용하여 지도 확대보기가 가능합니다.)",DC023,LC005,"WT001, WT002, WT003, WT004","VW001, VW002, VW003","AC001, AC002, AC004, AC006",https://cdn.visitkorea.or.kr/img/call?cmd=VIEW&id=05beb8df-cadc-4fef-b96b-8a2d13e98129
"동해안일주해안도로(포항), 등뼈를 타고 달리다!",코스 총거리 : 약 15km,"동해안일주해안도로는 총길이 500km가 넘는 국도 7호선 드라이브 코스로 동해바다의 깊고 푸른 길과 함께 한다. 동해안일주해안도로는 한반도 우측인 동해 라인의 아름다운 바다도시들을 두루 거치는 코스로 고성부터 시작해서 속초, 양양, 강릉, 동해, 삼척, 울진, 영덕을 거처 포항, 울산, 부산까지 이른다. 이중 우리나라 동쪽 끝에 위치하며 동해와 접해 있는 포항은 듬직하고 아름다운 바다와 천혜자연 그리고 도심의 풍경을 함께 즐기기 좋은 곳이다. 또한 매력적인 바다 일출까지 어느 하나 빼놓을 수 없는 치명적인 매력을 선물한다. 특히 숨은 비경과 알짜 관광 명소가 다양해 꼭 들러볼만한 여행지로 손꼽힌다.  ※ 하단의 지도를 확대하여 코스별 상세 위치를 확인할 수 있습니다. 지도상의 코스가 겹치는 경우 지도를 확대하여 확인해주세요. (원하는 위치에서 마우스 휠 또는 손가락을 이용하여 지도 확대보기가 가능합니다.)",DC024,LC006,"WT001, WT002, WT003, WT005","VW001, VW002, VW003, VW004, VW008","AC002, AC004, AC006",https://cdn.visitkorea.or.kr/img/call?cmd=VIEW&id=a45204d1-0da7-45fa-b6f0-78d76a74fbd1
"동해안일주해안도로(강릉), 등뼈를 타고 달리다!",코스 총거리 : 약 65km,"동해안일주해안도로는 총길이 500km가 넘는 국도 7호선 드라이브 코스로 동해바다의 깊고 푸른 길과 함께 한다. 동해안일주해안도로는 한반도 우측인 동해 라인의 아름다운 바다도시들을 두루 거치는 코스로 고성부터 시작해서 속초, 양양, 강릉, 동해, 삼척, 울진, 영덕을 거처 포항, 울산, 부산까지 이른다. 이중 강릉은 우리나라의 척추 역할을 하는 백두대간과 동해바다를 사이에 두고 있고 아름다운 자연과 예술, 건축, 문화유산이 어우러진 곳이다. 또 예향(禮鄕:신사임당, 허난설헌), 솔향(松鄕:대관령, 정동진), 문향(文鄕:이이 오죽헌, 허균, 초당생가터), 선향(禪鄕:보현사), 수향(壽鄕:강릉단오제)의 도시로도 알려져 있으며 담백하고 선명하며 멋스러움이 가득한 여행지로 인기가 높다.  ※ 하단의 지도를 확대하여 코스별 상세 위치를 확인할 수 있습니다. 지도상의 코스가 겹치는 경우 지도를 확대하여 확인해주세요. (원하는 위치에서 마우스 휠 또는 손가락을 이용하여 지도 확대보기가 가능합니다.)",DC025,LC002,"WT001, WT002, WT003, WT004","VW001, VW002, VW003","AC001, AC002, AC003, AC004, AC005, AC006",https://cdn.visitkorea.or.kr/img/call?cmd=VIEW&id=de18dd9a-21a6-4976-8e8a-274cb7a9bed2
"동해안일주해안도로(삼척), 등뼈를 타고 달리다!",코스 총거리 : 약 55km,"동해안일주해안도로는 총길이 500km가 넘는 국도 7호선 드라이브 코스로 동해바다의 깊고 푸른 길과 함께 한다. 동해안일주해안도로는 한반도 우측인 동해 라인의 아름다운 바다도시들을 두루 거치는 코스로 고성부터 시작해서 속초, 양양, 강릉, 동해, 삼척, 울진, 영덕을 거처 포항, 울산, 부산까지 이른다. 이중 동해안 최남단에 위치한 삼척은 태백산맥과 구불구불한 해안도로 그리고 깊고 푸른 동해 바다 를 가진 청정 도시이다. 특히 삼척은 최근 동해안의 가볼만한 도시로 급부상할 만큼 인기가 좋은 곳으로 볼거리와 즐길 거리가 넘쳐나는 매력적인 곳이다.  ※ 하단의 지도를 확대하여 코스별 상세 위치를 확인할 수 있습니다. 지도상의 코스가 겹치는 경우 지도를 확대하여 확인해주세요. (원하는 위치에서 마우스 휠 또는 손가락을 이용하여 지도 확대보기가 가능합니다.)",DC026,LC002,"WT001, WT002, WT003, WT004","VW001, VW002, VW003","AC001, AC002, AC003, AC004",https://cdn.visitkorea.or.kr/img/call?cmd=VIEW&id=f8ba52a9-866d-4d5c-9a20-deb8f6d546af
700리 해안의 풍광을 따라 달리는 지상 최고의 드라이브,코스 총거리 : 28.96km,"우리나라에서 제주도 다음으로 큰 섬인 거제도에 가면 제일 먼저 해안도로를 달려보길 권한다. 700리 해안 곳곳에는 깜장 몽돌, 눈부신 모래밭, 꼬불꼬불 해안선을 따라 점점이 흩어진 섬들이 결정을 이루고 있다. 거제 여행의 하이라이트를 놓치지 말자.",DC027,LC005,"WT001, WT002, WT003","VW001, VW003, VW004, VW008","AC001, AC002, AC004, AC006",https://cdn.visitkorea.or.kr/img/call?cmd=VIEW&id=2216f107-0cc3-4066-a3c0-cf254ceaf6eb
"국도 34호선, 고즈넉한 오십천 드라이브스루!",코스 총거리 : 약 14.3km,"오십천 드라이브코스는 국도 34호선 영덕 신양 삼거리에서 지방도 69호선을 다시 갈아타고 옥계계곡까지 이르는 구간이다. 약 14.3km의 짧은 거리지만 영덕의 자연을 함축적으로 보여주는 그림 같은 풍경으로 가득하다. 특히 봄에는 매화길로 살짝 일탈(?)을 하면 아름답고 화려한 매화를 감상할 수 있고 여름에서 가을로 접어든 길목에는 사과, 포도, 복숭아밭과 붉은 백일홍까지 덤으로 만날 수 있다. ㆍ코스 정보 : 영덕 신양 삼거리→산성계곡생태공원→옥계계곡(약 14.3km)  ※ 하단의 지도를 확대하여 코스별 상세 위치를 확인할 수 있습니다. 지도상의 코스가 겹치는 경우 지도를 확대하여 확인해주세요. (원하는 위치에서 마우스 휠 또는 손가락을 이용하여 지도 확대보기가 가능합니다.)",DC028,LC006,"WT001, WT002, WT003, WT004",VW001,"AC001, AC006",https://cdn.visitkorea.or.kr/img/call?cmd=VIEW&id=70d30423-fcc3-42c5-9139-04842a4bc5e2
내장산 오색단풍길,코스 총거리 : 약 9km,"내장산오색단풍길은 가을이 오면 단풍으로 온통 붉게 물든다. 화려하게 빛나는 가을 단풍을 보기 위해 수많은 단풍객, 등산객, 드라이브객 등이 찾지만 코로나19 시대 내장산오색단풍길 관람은 드라이브스루가 제격이다. 내장산의 부드러운 능선을 따라 이어진 약 8.4km의 단풍로드는 국도 29호선과 국지도 49호선을 거쳐 정읍시 내장동 부전사거리부터 내장산 탐방안내소까지 이어지는 길로 오롯이 단풍만을 볼 수 있다. ㆍ코스 정보 : 전북 정읍시 내장동 부전제삼거리~내장사탐방안내소(약 9km)  ※ 하단의 지도를 확대하여 코스별 상세 위치를 확인할 수 있습니다. 지도상의 코스가 겹치는 경우 지도를 확대하여 확인해주세요. (원하는 위치에서 마우스 휠 또는 손가락을 이용하여 지도 확대보기가 가능합니다.)",DC029,LC008,WT003,VW001,"AC001, AC004, AC005",https://cdn.visitkorea.or.kr/img/call?cmd=VIEW&id=bca05b4a-13fe-49c5-8628-bb596a130329
"새천년 해안도로, 깊고 푸른 동해 바다를 온몸으로 맞는다!",코스 총거리 : 약 5.3km,새천년해안도로(이사부길)는 동해의 깊고 푸른 바다를 끼고 도는 길이다. 굽이굽이 물 흐르듯 나있는 도로는 드라이브하기에 최고이다. 특히 도로 곁으로 바다가 바짝 붙어 있어 천천히 달리며 바다를 만끽하는데 그만이다.  ※ 하단의 지도를 확대하여 코스별 상세 위치를 확인할 수 있습니다. 지도상의 코스가 겹치는 경우 지도를 확대하여 확인해주세요. (원하는 위치에서 마우스 휠 또는 손가락을 이용하여 지도 확대보기가 가능합니다.),DC030,LC002,"WT001, WT002, WT003, WT004","VW001, VW002, VW003","AC001, AC002, AC003, AC004, AC005",https://cdn.visitkorea.or.kr/img/call?cmd=VIEW&id=2a11d551-d71e-4298-acc3-552b89d2bf96
"제주 사계해안도로, 바다와 산의 하모니에 홀릭하다!",코스 총거리 : 약 10km,"제주여행의 매력은 뭐니 뭐니 해도 해안 따라 드라이브를 즐기는 것이다. 사면이 바다로 둘러싸여 있기 때문이다. 제주의 해안도로는 비경과 특징이 각기 다르다. 그중 산과 섬, 바다가 한데 어우러지며 빼어난 경관을 간직한 곳이 바로 사계해안도로이다. 사계해안도로는 제주 안덕면 사계리(산방산)~대정읍 상모리(송악산)를 연결하는 도로로 빼어난 해안절경과 섬과 산의 절묘한 어우러짐이 펼쳐진다. 해안을 둘러싸듯 우뚝 솟은 산방산과 송악산이 해안의 양쪽 끝에 버티고 있어 포근함과 안정감을 주는 서귀포시의 대표적인 해안도로이다. 낮은 지대로 달리다보니 해안 조망이 눈높이에 있어 디테일하게 비경을 담을 수 있다. 해안과 산, 도로가 합의일체로 그려내는 빼어난 광경 외에도 바다를 붉게 물드는 환상적인 낙조까지 자연이 만들어낸 모든 것이 아름답고 황홀하다.  ※ 하단의 지도를 확대하여 코스별 상세 위치를 확인할 수 있습니다. 지도상의 코스가 겹치는 경우 지도를 확대하여 확인해주세요. (원하는 위치에서 마우스 휠 또는 손가락을 이용하여 지도 확대보기가 가능합니다.)",DC031,LC009,"WT002, WT003, WT004","VW001, VW002, VW003, VW004","AC001, AC002, AC006",https://cdn.visitkorea.or.kr/img/call?cmd=VIEW&id=93c3e195-b0d9-48f6-abce-ce023f335eb4
춘천 의암호반길,코스 총거리 : 약 12.9km,호수와 단풍산을 한꺼번에 보고 싶다면 춘천 의암호반길이 최고다. 호수를 끼고 굽은 산길을 달리는 곳으로 도로 사이를 두고 호수와 산이 동시에 절묘하게 어우러진다. 유난히 고요하고 한적한 분위기가 좋아 드라이브하는 맛을 느낄 수 있다. 의암호반길은 가을 아침이 가장 아름답다. 붉게 물든 삼악산과 강변길로 일렁이는 몽환적인 물안개가 그림처럼 펼쳐진다. 운치의 끝판왕으로 절로 가을감성에 빠져든다. ㆍ코스 정보 : 춘천 의암댐~춘천댐(의암호 서쪽길 약 12.9km)  ※ 하단의 지도를 확대하여 코스별 상세 위치를 확인할 수 있습니다. 지도상의 코스가 겹치는 경우 지도를 확대하여 확인해주세요. (원하는 위치에서 마우스 휠 또는 손가락을 이용하여 지도 확대보기가 가능합니다.),DC032,LC002,"WT001, WT002, WT003","VW001, VW002","AC001, AC002, AC004",https://cdn.visitkorea.or.kr/img/call?cmd=VIEW&id=81616e22-9b8e-4718-8804-f2d5af729595
"남면해안도로, 해안절벽 위를 훨훨 달리다!",코스 총거리 : 34.7km,"남면해안도로에서는 시룰리언 블루색의 바다, 정감 있는 해안마을, 아늑하고 수수한 작은 섬, 형이상학적인 기암괴석, 그리고 파란하늘의 완벽한 조합을 언제나 볼 수 있다. 이런 이유로 우리나라에서 가장 아름다운 해안도로로 손꼽히고 있다. 남면해안도로는 바다와 마을, 해안절벽, 다랑이논 등을 두루 볼 수 있는 서상항~평산항~사촌해변~가천마을다랑이논~신전삼거리까지의 약 34.7km의 구간이다. 쉬엄쉬엄 풍경을 감상하며 여유롭게 드라이브를 할 수 있는 알짜 코스이기도 하다.  ※ 하단의 지도를 확대하여 코스별 상세 위치를 확인할 수 있습니다. 지도상의 코스가 겹치는 경우 지도를 확대하여 확인해주세요. (원하는 위치에서 마우스 휠 또는 손가락을 이용하여 지도 확대보기가 가능합니다.)",DC033,LC005,"WT002, WT003, WT004","VW001, VW003",AC002,https://cdn.visitkorea.or.kr/img/call?cmd=VIEW&id=c23cb49c-85b7-441d-990b-a8595344511a
도시의 자연 속에서 휴식을 취하다,코스 총거리 : 43km,"호반의 여름은 푸른빛이다. 대청호를 둘러싼 버드나무도, 버드나무가 머리를 길게 늘어트린 호수도 푸르다. 오백리에 다다르는 이 길은 걸어도 좋고 드라이브 코스로도 좋다. 푸른 길이 심심하다면 계족산 황톳길을 따라 온몸에 붉은 물을 들여 보자. 시원한 황토 감촉에 여름 더위는 한풀 물러난다. 시원한 바닥분수와 여름밤의 버스킹이 열리는 한밭수목원에서 마무리하면 여름 나들이 완성이다.",DC034,LC003,"WT001, WT002, WT003","VW001, VW004, VW008","AC001, AC002, AC003, AC004",https://cdn.visitkorea.or.kr/img/call?cmd=VIEW&id=eb860de8-bdcc-4d6d-9b09-2dd8dfd595dd
"동해안일주해안도로(동해), 등뼈를 타고 달리다!",코스 총거리 : 약 24km,"동해안일주해안도로는 총길이 500km가 넘는 국도 7호선 드라이브 코스로 동해바다의 깊고 푸른 길과 함께 한다. 동해안일주해안도로는 한반도 우측인 동해 라인의 아름다운 바다도시들을 두루 거치는 코스로 고성부터 시작해서 속초, 양양, 강릉, 동해, 삼척, 울진, 영덕을 거처 포항, 울산, 부산까지 이른다. 이중 동해는 신이 내린 천혜의 자연 종합선물 같은 도시로 깊고 푸른 바다와 수많은 해변, 수려한 산, 아름다운 계곡 등 천혜자연을 간직하고 있다. 또한 동해시는 각종 레저의 메카로도 유명하다. 최근엔 새로운 명소까지 새록새록 인기몰이 중이다. 이런 이유로 동해는 죽기 전에 꼭 한번은 다녀와야 할 여행지로 손꼽힌다.  ※ 하단의 지도를 확대하여 코스별 상세 위치를 확인할 수 있습니다. 지도상의 코스가 겹치는 경우 지도를 확대하여 확인해주세요. (원하는 위치에서 마우스 휠 또는 손가락을 이용하여 지도 확대보기가 가능합니다.)",DC035,LC002,"WT001, WT002, WT003, WT004","VW001, VW002, VW003","AC001, AC002, AC003, AC004",https://cdn.visitkorea.or.kr/img/call?cmd=VIEW&id=25f1e92b-ee0d-410a-b587-62312e384cb7
진안 부귀 메타세쿼이아길,코스 총거리 : 1.5km,담양 메타세쿼이아 길보다는 길이 짧고 소박하지만 때 묻지 않은 자연 속에 꼭꼭 숨겨진 청정한 가로수길로 드라이브스루 명소 이다. 특히 웅치골에서부터 모래재길은 구불구불 급하게 굽이져 있지만 아주 천천히 주행을 하면 차창으로 보이는 자그마한 저수지와 야생화의 소담스러운 풍경을 만끽할 수 있다. 저수지를 지나면 고갯길이 열리면서 모래재 휴게소가 나타난다. 이곳에서 잠시 진한 아이스커피를 마시며 여유를 즐겨본다. 휴게소에서 모래재 터널을 지나면 또 한 번 엄청난 굽이의 작고 긴 길을 만나게 된다. 이 길은 원세동마을 앞까지 쭉 뻗어 있다. 여기서 부터가 진안 부귀 메타세쿼이아길이다. 도로 양편으로 끝없이 펼쳐진 메타세쿼이아 나무는 싱그러운 초록의 옷을 입고 하늘로 향해 쭉쭉 뻗어 시원한 광경을 연출한다. 영화와 드라마에 자주 등장할 만큼 운치 있고 아름답다.  ※ 하단의 지도를 확대하여 코스별 상세 위치를 확인할 수 있습니다. 지도상의 코스가 겹치는 경우 지도를 확대하여 확인해주세요. (원하는 위치에서 마우스 휠 또는 손가락을 이용하여 지도 확대보기가 가능합니다.),DC036,LC008,WT002,"VW001, VW002, VW007, VW008","AC001, AC002, AC004",https://cdn.visitkorea.or.kr/img/call?cmd=VIEW&id=6713b288-7753-49f9-9b2b-92284527cff8
천수만 해안길,코스 총거리 : 약 15.6km,"천수만 해안길은 겨울 철새와 겨울바다, 갯벌, 겨울별미 등을 만날 수 있는 해안도로다. 이런 이유로 천수만으로 시작되는 이 해안길은 겨울에 더욱 여행맛을 느끼게 하는 곳이다. 청명한 겨울 서해바람을 느끼며 시베리아에서 날아온 철새들의 화려한 군무 직관은 물론 천수만에서만 볼 수 있는 희귀조류 흑두루미, 천연기념물 보호종인 황새, 노랑부리저어새, 독수리까지 다양하게 관찰할 수 있다. 여기에 멋스러운 서해 낙조까지 만끽할 수 있다. ㆍ코스 정보 : 충남 서산시 부석면 천수만로~홍성군 서부면 남당항로(약 15.6km)  ※ 하단의 지도를 확대하여 코스별 상세 위치를 확인할 수 있습니다. 지도상의 코스가 겹치는 경우 지도를 확대하여 확인해주세요. (원하는 위치에서 마우스 휠 또는 손가락을 이용하여 지도 확대보기가 가능합니다.)",DC037,LC003,"WT002, WT003","VW001, VW002, VW003","AC001, AC005, AC006",https://cdn.visitkorea.or.kr/img/call?cmd=VIEW&id=31cdd5d6-aa07-40de-9e91-e205066d38f7
"국도 37호선, 금강 물줄기 따라 향수에 젖다!",코스 총거리 : 11.1km,"국도 37호선은 전북 진안, 무주와 충북 영동을 지나 옥천으로 흐르는 금강과 함께 호흡한다. 이 덕분에 한가하고 고요한 강 경관을 여과 없이 느낄 수 있다. 금강의 옆길은 계절마다 각기 다른 모습의 아름다운 풍경을 만들어내는데, 봄에는 벚꽃이 가을에는 패셔너블한 단풍이 겨울에는 새하얀 설탕 같은 눈이 쌓여 멋스러움 그 자체이다.  ※ 하단의 지도를 확대하여 코스별 상세 위치를 확인할 수 있습니다. 지도상의 코스가 겹치는 경우 지도를 확대하여 확인해주세요. (원하는 위치에서 마우스 휠 또는 손가락을 이용하여 지도 확대보기가 가능합니다.)",DC038,LC003,"WT001, WT002",VW004,,https://cdn.visitkorea.or.kr/img/call?cmd=VIEW&id=ac7e78ac-ef3d-4fc9-bec0-e5929c0338f6
"국도 35호선, 선비의 마음으로 비경을 여유롭게 품다!",코스 총거리 : 25km,국도 35호선을 타고 안동을 거쳐 봉화로 들어서면 웰컴 표지판이 보인다. 드디어 국도 35호선 중에서 가장 느긋하게 신선처럼 즐길 수 있는 곳. 경북 봉화군 명호면 북곡리에서 법전면 소천리까지의 구간이다. 이 라인에서 제일 먼저 만나는 명소가 바로 청량산도립공원. 아름다운 산은 기본이고 계곡과 낙동강이 조화롭게 어우러진 최고의 경치를 자랑한다. 거대한 국립공원과는 달리 아기자기한 멋 때문인지 더욱 친근하게 느껴진다. ㆍ코스 정보 : 경북 봉화군 명호면 북곡리~법전면 소천리 (25km)  ※ 하단의 지도를 확대하여 코스별 상세 위치를 확인할 수 있습니다. 지도상의 코스가 겹치는 경우 지도를 확대하여 확인해주세요. (원하는 위치에서 마우스 휠 또는 손가락을 이용하여 지도 확대보기가 가능합니다.),DC039,LC006,"WT001, WT002, WT003, WT004","VW001, VW002, VW004, VW005, VW007, VW008","AC001, AC002",https://cdn.visitkorea.or.kr/img/call?cmd=VIEW&id=c4554f73-d6ae-47fb-8920-956b0439865b
보성 대원사 벚꽃길,코스 총거리 : 약 5.3km,보성 대원사 벚꽃길에는 매년 3월~4월만 되면 향긋한 봄내음이 온천지에 가득하다. 그 산뜻함을 느껴보기 위해 예전에는 수십만 명이 한꺼번에 모여 꽃구경을 즐겼다면 코로나19 시대에는 구불구불 2차선 도로를 천천히 차로 달리며 담아볼 수 있다. ㆍ코스 정보 : 대원사 삼거리~대원사 입구(약 5.3km)  ※ 하단의 지도를 확대하여 코스별 상세 위치를 확인할 수 있습니다. 지도상의 코스가 겹치는 경우 지도를 확대하여 확인해주세요. (원하는 위치에서 마우스 휠 또는 손가락을 이용하여 지도 확대보기가 가능합니다.),DC040,LC007,"WT001, WT002, WT004","VW001, VW004, VW006, VW008","AC001, AC004",https://cdn.visitkorea.or.kr/img/call?cmd=VIEW&id=68d496f2-6480-4864-a9b6-bc3b3eb50888
"동해안일주해안도로(영덕), 등뼈를 타고 달리다!",코스 총거리 : 약 25km,"7번 국도를 따라 깊고 푸른 동해를 벗 삼아 달려보자. 장엄한 일출을 보여주는 해맞이공원, 24시간 활기찬 항구, 힐링 가득한 해양공원까지 두 눈이 한껏 즐거워진다.",DC041,LC006,"WT001, WT002, WT003","VW001, VW002, VW003","AC004, AC006",https://cdn.visitkorea.or.kr/img/call?cmd=VIEW&id=8bca9814-4e19-4a85-abb4-94fff355a82c
하동 쌍계사 하동십리 벚꽃길,코스 총거리 : 약 6.2km,하동 쌍계사 하동십리 벚꽃길은 하동의 대표적인 벚꽃길이자 국내에서 가장 아름다운 벚꽃길로 손꼽힌다. 봄이 오면 쌍계사에서부터 화개장터까지의 십리길에는 벚꽃으로 물결친다. 국내의 많은 벚꽃길과 다른 점은 쌍계사 계곡과 멋지게 어우러져 그림 같은 풍경을 자아내는데 있다. 차타고 정신없이 바라보게 만드는 매력적인 은빛 향연은 화개장터까지 계속 이어지고 하이라이트는 길 중간쯤의 일방통행로이다. 잠시 서행을 하며 벚꽃향에 취해볼 수 있다. ㆍ코스 정보 : 쌍계사 초입~화개장터(약 6.2km)  ※ 하단의 지도를 확대하여 코스별 상세 위치를 확인할 수 있습니다. 지도상의 코스가 겹치는 경우 지도를 확대하여 확인해주세요. (원하는 위치에서 마우스 휠 또는 손가락을 이용하여 지도 확대보기가 가능합니다.),DC042,LC007,"WT001, WT002, WT003, WT004, WT005","VW001, VW004, VW006, VW007","AC001, AC003, AC004, AC005",https://cdn.visitkorea.or.kr/img/call?cmd=VIEW&id=45de6023-822e-4b1f-9231-3e4e9fd315a1
"기장 죽성리해안도로, 길 따라 해안풍경이 넉넉하다!",코스 총거리 : 약 12km,"부산 기장에 있는 죽성리해안도로는 언제나 풍성한 여름 같다. 넓은 바다에서 뿜어져 나오는 풍광과 녹음이 짙은 숲, 골이 깊은 산 등 여러 모양으로 자태를 뽐내는 해안길이다. 이런 이유로 늘 로망의 대상이자 한번쯤은 꼭 가보고 싶은 곳이기도 하다. 다이나믹한 부산의 멋과 맛에서 벗어나 여유를 부리며 낭만을 즐기고 싶다면 죽성리해안도로가 최고이다. 코스는 죽성항에서부터 월전포구를 거쳐 대변항, 해동용궁사까지 약 12km로 해안풍경을 넉넉하게 감상할 수 있다.  ※ 하단의 지도를 확대하여 코스별 상세 위치를 확인할 수 있습니다. 지도상의 코스가 겹치는 경우 지도를 확대하여 확인해주세요. (원하는 위치에서 마우스 휠 또는 손가락을 이용하여 지도 확대보기가 가능합니다.)",DC043,LC004,WT003,"VW001, VW002, VW003, VW004, VW006","AC001, AC004, AC006",https://cdn.visitkorea.or.kr/img/call?cmd=VIEW&id=3dcc397f-e8a2-464a-9506-72cc18ebdfbe
"안면도해안도로, 환상의 바다 낙조길 활짝 열리다!",코스 총거리 : 약 11.9km,"안면도해안도로는 서해바다, 갯벌, 붉은 노을 등을 한 번에 감상할 수 있는 유일한 도로이다. 약 11.9km의 이 해안도로는 백사장해수욕장을 시작으로 삼봉, 기지포, 안면, 두여, 밧개, 방포, 꽃지해수욕장까지 여러 해변을 이어 달린다. 또한 바다와 백사장이 풍부해 파노라마식 풍경을 계속 볼 수 있다. 특히 최고의 풍광은 석양이다. 붉은 색의 아름다운 일몰은 어느 해변에서나 조망이 가능하다. 낙조 최고의 명소는 꽃지해변의 할미·할아비 바위 사이로 떨어지는 풍경이 압권이다. ㆍ코스 정보 : 안면도 백사장해수욕장~꽃지해수욕장(약 11.9km)  ※ 하단의 지도를 확대하여 코스별 상세 위치를 확인할 수 있습니다. 지도상의 코스가 겹치는 경우 지도를 확대하여 확인해주세요. (원하는 위치에서 마우스 휠 또는 손가락을 이용하여 지도 확대보기가 가능합니다.)",DC044,LC003,"WT001, WT002, WT003, WT004","VW001, VW002, VW003","AC001, AC003, AC004",https://cdn.visitkorea.or.kr/img/call?cmd=VIEW&id=06508a89-5e8e-46f8-8e11-cf269e7ea621
"실안해안도로, 옹기종기 그림 같은 풍경에 빠지다!",코스 총거리 : 약 9.7km,"실안해안도로는 내륙 안쪽까지 깊게 파고든 사천만을 따라 쭉 나있는 매력적인 바닷길이다. 국도 3호선을 따라 남쪽으로 달리다 보면 삼천포에 다다르는데, 시작은 모충공원에서부터 삼천포대교공원과 대방진굴항을 거쳐 삼천포항까지 약 9.7km가 이어진다. 이 도로에는 깊고 푸른 아름다운 바다와 상큼한 갯벌, 옹기종기 모여 있는 섬, 멋진 컬러 등대, 환상적인 노을길까지 빈틈없는 풍경이 펼쳐진다. 적당히 활처럼 휘어진 도로는 바다를 끼고 원 없이 삼천포대교공원까지 달리게 된다. 멋스러운 삼천포대교를 뒤로 두고 대방진굴항 쪽으로 가면 남서 해안에 수없이 쑥 들어온 협만이 시작된다. 파도가 잔잔한 호수 같은 바다와 마주치면 어느새 안락함이 밀려든다.  ※ 하단의 지도를 확대하여 코스별 상세 위치를 확인할 수 있습니다. 지도상의 코스가 겹치는 경우 지도를 확대하여 확인해주세요. (원하는 위치에서 마우스 휠 또는 손가락을 이용하여 지도 확대보기가 가능합니다.)",DC045,LC005,"WT001, WT002, WT003, WT004","VW001, VW002, VW004, VW005, VW007","AC001, AC002, AC005",https://cdn.visitkorea.or.kr/img/call?cmd=VIEW&id=48283510-4ffe-41ee-8384-37dde3140542
레트로 핫플레이스부터 최신 핫플레이스까지 뜨거운 핫 코스,코스 총거리 : 약 130km,"강화 교동도부터 시작해 김포와 파주까지, 접경 지역의 자연과 문화, 역사, 생태 공원을 돌아보고 임진강을 건너는 DMZ 유일의 곤돌라를 타며, 서울 근교에서 드라이브, 나들이하기 좋은 당일 여행 코스.",DC046,LC001,"WT001, WT002, WT003, WT004","VW001, VW002","AC001, AC005, AC006",https://cdn.visitkorea.or.kr/img/call?cmd=VIEW&id=5a8c5076-5190-434c-8749-df5488dab66a
"자연, 역사, 문화, 예술을 총망라한 강원 북부 끝판왕 코스!",코스 총거리 : 약 240km,"강원 북부 DMZ 지역 5총사 철원, 화천, 인제, 양구, 고성까지 섭렵해보는 코스. 훼손되지 않은 자연, 잘 가꾸어진 정원, 먹먹한 역사의 현장에 예술적 만남도 놓칠 수 없다. 모든 여행을 정리해 줄 드라이브 코스는 덤!",DC047,LC002,"WT001, WT002, WT004, WT005","VW001, VW002, VW004, VW006","AC001, AC002, AC003, AC004, AC006",https://cdn.visitkorea.or.kr/img/call?cmd=VIEW&id=59bc3941-ae9b-43d7-a0da-a505bf0a1feb
영광의 유서 깊은 불교 역사와 아름다운 자연탐방,코스 총거리 :,"백제불교의 최초 도래지, 영광! 유서 깊은 불교문화의 역사를 체험할 수 있는 영광으로 떠나보자. 아름다운 자연을 즐길 수 있는 백수 해안도로와 숲쟁이 숲은 덤이다. 서해안의 아름다운 일몰이 잊지못할 추억을 선사할 것이다.",DC048,LC007,"WT001, WT002, WT003, WT004","VW001, VW002, VW003, VW004, VW006","AC001, AC003, AC004, AC005, AC006",https://cdn.visitkorea.or.kr/img/call?cmd=VIEW&id=f96b14a5-7430-45d6-804b-23162d57e9b1
흰 구름 깔아놓은 듯 황홀한 벚꽃의 자태,코스 총거리 : 76.54km,"‘춘송광 추해인’(春松廣 湫海印)이란 말이 있다. 송광사는 봄이, 해인사는 가을이 아름답다는 뜻이다. 송광사의 봄을 상징하는 것이 벚꽃이다. 송광사의 벚나무는 등걸이 굵고 옹골찬 게 수령이 제법되어 보인다. 벚꽃도 솜사탕처럼 풍성하다. 활짝 핀 벚꽃이 꽃구름처럼 바람에 날려 가슴 깊이 스며들면 송광사로 가는 길은 더욱 빛난다. 천천히 길을 달리다 주암호를 만나면 벚꽃 사이로 파란 호수가 어우러져 드라이브 하는 즐거움이 배가된다.",DC049,LC007,"WT001, WT002, WT004","VW001, VW004, VW006, VW007","AC001, AC002, AC003, AC004",https://cdn.visitkorea.or.kr/img/call?cmd=VIEW&id=6587b52a-bf78-4d47-9e43-9ee52457f93c
"자연을 품은 곳, 창녕 우포늪과 의령 한우산",코스 총거리 : 69.03km,"우리나라의 대표적인 생태관광지인 우포늪과 자동차드라이브 코스로 일품인 의령 한우산을 함께 돌아보는 코스다. 우포늪에서 원시 자연의 아름다움을 마음에 담은 뒤, 의령의 봉화대와 일붕사에서 바위절벽과 동굴법당의 매력에 흠뻑 빠질 수 있다. 늪에서 출발하여 기암절벽과 산으로 이어지는 자연친화적인 코스이며, 가족이나 연인과 함께 하는 여행코스로 추천할 만하다",DC050,LC005,"WT001, WT002, WT004","VW001, VW002, VW003, VW004, VW006, VW008","AC001, AC002, AC003, AC004, AC005",https://cdn.visitkorea.or.kr/img/call?cmd=VIEW&id=4e3f3126-a3a5-42b6-82c5-5954823b5652
고즈넉한 영광을 둘러볼 수 있는 1박2일 여행 코스,코스 총거리 : 68km,"청정 자연환경과 천 년의 역사가 살아 숨쉬고 있는 도시 영광에서 보내는 여행 코스! 할매보리밥, 불갑저수지 수변공원을 지나 불갑다향에서 문화를 체험하고, 백수해안도로에서 아름다운 노을을 감상하며 드라이브! 법성포, 숲쟁이공원, 숲쟁이꽃동산에서 자연의 아름다움을 만끽하고, 백제불교최초도래지, 월봉재를 지나 무물산행복숲 맨발황톳길, 영광향교까지 이어지는 여행 코스 길에 맛있는 음식과 체험 그리고 자연 속에서 힐링하는 여행을 보내게 된다.",DC051,LC007,"WT001, WT002, WT003, WT004","VW001, VW002, VW003, VW004, VW006, VW008","AC001, AC002, AC003, AC004, AC005",https://cdn.visitkorea.or.kr/img/call?cmd=VIEW&id=dee9f71b-0619-4ab7-b913-a39b7b5a4928
영덕의 문화유적 코스 1,코스 총거리 : 51.59km,"태백정맥과 낙동정맥의 끝자락에 자리 잡은 지리적 여건으로 모든 환경공해로부터 보호(봄에 중국에서 불어오는 황사현상의 주범인 편서풍 속에 녹아들어 있는 금속성과 다이옥신을 태백정맥과 낙동정맥이 필터로 공기정화)되어 신선한 산소를 들이킬 수 있으며, 수정같이 맑은 바다와 해변 드라이브 코스와 공원 등은 절로 감탄을 자아내게 한다.",DC052,LC006,"WT001, WT002","VW001, VW004, VW006, VW007","AC001, AC002, AC004",https://cdn.visitkorea.or.kr/img/call?cmd=VIEW&id=0923d048-c05f-4991-a2b0-405a9473f860
경기도 광주의 자연 속으로,코스 총거리 : 83.37km,"도심에서 가까운 경기도 지역 코스다. 광주의 남한산성 도립공원에서 선성을 따라 거닐어 보고 얼굴 모양을 딴 목각인형, 도자기 등의 특이한 박물관을 방문해보자. 아이들과 함께라면 정말 즐거운 시간을 보낼 수 있을 것이다. 팔당호를 따라 길게 뻗은 드라이브 코스를 달리는 것도 경기도에서 누릴 수 있는 즐거움이다.",DC053,LC001,"WT001, WT002, WT004","VW001, VW002, VW004","AC001, AC002, AC003, AC004, AC005",https://cdn.visitkorea.or.kr/img/call?cmd=VIEW&id=a290bc7a-2d00-4ac0-87d8-98b78337581a
울산 앞바다 몽돌해변,코스 총거리 : 15.86km,울산의 바다는 강원도의 바다와는 약간 다르다. 산과 바다를 끼고 있는 바닷길이 특히 절경이라 드라이브 코스로 으뜸으로 치지만 몽동의 조약돌이 있는 깨끗한 해변은 가슴까지 시원하게 한다. 주변의 싱싱한 해산물과 입심 좋은 아낙들의 횟거리와 매운탕은 최고라 할 수 있다. 특히 이곳 특유의 멸치회는 별미니 꼭 맛보자.,DC054,LC004,"WT002, WT003, WT004","VW001, VW002, VW003",AC001,https://cdn.visitkorea.or.kr/img/call?cmd=VIEW&id=c7eeca9a-12bb-41d2-8e4f-b638705ee509
섬진강 따라 흐르는 그리움,코스 총거리 : 약 60km,"섬진강 상류인 옥정호는 <한국에서 가장 아름다운 길>로 선정된 바 있는 운치 있는 드라이브코스다. 옥정호를 한 바퀴 돌아 섬진강댐을 둘러본 후 섬진강 물줄기를 따라 소박하게 살아가는 마을을 직접 걸어본다. 김용택 시인의 고향 진뫼마을을 지나 물소리, 새소리가 사람의 목소리보다 크게 울리는 오지마을 구담마을까지 걷는 코스다.",DC055,LC008,"WT001, WT002, WT003, WT004","VW001, VW002, VW004, VW008","AC001, AC002, AC003, AC004, AC005",https://cdn.visitkorea.or.kr/img/call?cmd=VIEW&id=fe4c932c-28df-4714-8446-07ab4bd03ee4
속초의 석호에서 만나는 특별한 체험,코스 총거리 : 15km,"속초에는 바다의 조화가 만들어낸 특별한 호수, 청초호와 영랑호가 있다. 두 호수를 끼고 속초 여행의 진수를 만끽할 수 있는 여행지가 즐비하다. 화랑이 수도했던 영랑호는 화랑도 체험과 함께 드라이브나 트레킹 코스로 제격이다. 속초등대전망대, 영금정, 갯배와 아바이마을 등 청초호로 이어지는 코스는 속초 여행에서 빼놓을 수 없는 곳이다.",DC056,LC002,"WT001, WT002, WT004, WT005","VW001, VW002, VW003","AC001, AC003, AC004, AC005",https://cdn.visitkorea.or.kr/img/call?cmd=VIEW&id=4d33f00b-4e01-405e-aca7-542f4ed641b6
멈춰 쉬고 싶은 곳 충주호 코스,코스 총거리 : 53.66km,"충주의 풍경을 바꾼 거대한 인공 호수가 있다. 지금은 충주를 대표하는 풍경 명소지만, 처음에는 충주 사람들에게도 낯설었던 충주호다. 이 호수를 즐기는 세 가지 방법은 충주댐 물문화관과 전망대, 댐 정상길 등 돌아보기, 충주호반 길과 충주호 앞 산길을 천천히 드라이브하기, 유람선을 타고 물과 가장 가까운 경치 즐기기다.  [출처]충주여행 30선 중에서",DC057,LC003,"WT001, WT002, WT003, WT004","VW001, VW002, VW004, VW008","AC001, AC002, AC003, AC004, AC005",https://cdn.visitkorea.or.kr/img/call?cmd=VIEW&id=db5b0a8d-feaf-467f-82de-93f454470367
노을이 머무는 서해안의 진경,코스 총거리 : 15.03km,홍성에서 보령을 잇는 서해안 구간 코스다. 드라이브를 겸한 여행지로 손꼽을 만하다. 홍성 일대는 천수만을 끼고 달리는 임해관광도로에 철새의 군도가 뒤를 따른다. 진정한 마음의 여유와 낭만을 찾을 수 있는 곳이다.  출처 : 머물수록 매력있는 충청,DC058,LC003,"WT002, WT003","VW001, VW002, VW003","AC001, AC005, AC006",https://cdn.visitkorea.or.kr/img/call?cmd=VIEW&id=7969558e-d9e4-484c-9f7b-eb855348eb61
슬로우 슬로우~ 시원한 강바람을 맞으며 달리다.,코스 총거리 : 49.03km,"남양주에는 서울에서 가까운 만큼 시원한 강바람을 맞으면서 드라이브할 수 있는 곳, 자연과 문명이 조화를 이룬 멋진 장소에서 힐링과 체험을 동시에 경험할 수 있다. 아이들과 함께 하는 여행이라면 더욱 추천이다.",DC059,LC001,"WT001, WT002, WT003","VW001, VW002, VW004, VW008","AC001, AC002, AC003, AC004, AC005",https://cdn.visitkorea.or.kr/img/call?cmd=VIEW&id=4e421012-e43b-4224-a21b-d6dd0cf76213
부산 금정산에서 마음을 비우다,코스 총거리 : 10.29km,"신라 의상대사가 창건한 범어사는 해인사, 통도사와 함께 영남의 3대 사찰로 꼽힌다. 화엄종 10찰의 하나로 창건사적이나 고적기에 신라 흥덕왕 때 창건되었다 기록되어 있다. 하지만 부산 관광지로 가장 유명한 해운대와 남포동에 밀려 상대적으로 덜 알려진 편이다. 부산의 북쪽 외곽에 자리한 금정산과 더불어 트레킹으로 살펴보아도 좋고 차량으로 이동해도 괜찮다. 산성마을로 올라가는 길은 드라이브 코스로도 손색없는 덕분이다. 산성마을 별미인 산성막걸리와 염소불고기를 맛본 후 동래온천에서 피로를 날려버리자. 해물과 파가 야무지게 들어간 동래파전으로 하루 일정을 마무리 하면 어떨까.",DC060,LC004,"WT001, WT002, WT004","VW001, VW002, VW003, VW004, VW006","AC001, AC004, AC005",https://cdn.visitkorea.or.kr/img/call?cmd=VIEW&id=4e8c6999-8cee-4035-acb6-624b8f99435e
진도 신비의 바닷길을 따라 모세의 기적을 체험하다,코스 총거리 : 47km,"진도는 해마다 모세의 기적이 일어나는 곳으로 고군면 금계리와 의신면 모도리 사이의 바다에서 나타나는 특이한 자연현상이다. 진도 신비의 바닷길과 죽림 어촌체험마을, 수품항이 있는 접도웰빙등산로까지 진도 남부의 여정은 신비하고, 아름다운 바다를 만나는 여정이 된다.",DC061,LC007,"WT001, WT002, WT003, WT004","VW001, VW003, VW004","AC001, AC004",https://cdn.visitkorea.or.kr/img/call?cmd=VIEW&id=3cfb8bc8-bac2-4cc2-bb24-ca39faed33f8
"대게의 고장, 영덕대게로를 따라 바다를 즐기다",코스 총거리 : 약 42.3km,''대게의 고장'' 영덕에서 신선한 대게와 해산물을 맛보고 푸른 바다의 낭만도 즐겨보자.,DC062,LC006,WT003,"VW001, VW002, VW003, VW004",AC005,https://cdn.visitkorea.or.kr/img/call?cmd=VIEW&id=b26790b0-7d00-49fb-8cc1-15c7cd741b24
청풍명월의 풍경 속으로 풍덩!,코스 총거리 : 33.45km,청풍명월의 자연 속에 폭 파묻혀 있는 특혜 받은 도시 제천. 산과 호수가 빚어내는 경이로운 풍광은 호수의 나라로 유명한 캐나다가 부럽지 않다. 제천에 가면 반드시 아름다운 호수를 끼고 드라이브해 보시길. 그 짜릿한 체험 속으로!,DC063,LC003,"WT001, WT002","VW001, VW004","AC001, AC002, AC004",https://cdn.visitkorea.or.kr/img/call?cmd=VIEW&id=9ef70e6c-3343-4350-b8e6-be95ad7e08c1
운치있는 가을바다와 천곡동굴에서의 체험학습,코스 총거리 : 24.72km,1979년 5월 30일 강원도유형문화재 제63호로 지정되었다. 삼척심씨(三陟沈氏) 종중에서 관리하고 있다. 고려 공민왕 10년(1361) 삼척심씨의 시조 심동로(沈東老)가 낙향하여 건립한 정자이다.,DC064,LC002,"WT001, WT002, WT003, WT004","VW001, VW002, VW003, VW004","AC002, AC004, AC005",https://cdn.visitkorea.or.kr/img/call?cmd=VIEW&id=1451dae6-f401-40ee-b598-f9df2d0bc645
가을은 향기로운 허브와 맑은 공기로 몸과 마음을 채우자,코스 총거리 : 44.92km,안성허브마을은 웰빙 문화에 발맞춰 기존 허브농장의 모습과 달리 허브에 관련되어 더욱 깊이  체험할 수 있는 실속형 허브마을이다.,DC065,LC001,"WT001, WT002, WT004","VW001, VW004, VW006, VW008","AC001, AC004",https://cdn.visitkorea.or.kr/img/call?cmd=VIEW&id=dc34e500-6117-426c-a435-1be49a0c41bc
마음을 평화롭게 하는 길,코스 총거리 : 12.93km,"봄이 되면 이천은 꽃대궐이 된다. 아름다운 설봉공원부터 산수유마을까지, 울긋불긋 봄 색깔에 취해보자.",DC066,LC001,"WT001, WT002, WT003, WT004","VW001, VW004, VW008","AC001, AC002, AC003, AC004",https://cdn.visitkorea.or.kr/img/call?cmd=VIEW&id=f1395359-3a42-41a3-82d1-f0c76ecd978d
해남 땅끝에서 1박 2일 코스,코스 총거리 : 87.73km,"해남 땅끝의 문화와 자연을 동시에 즐길 수 있는 코스다. 고산 윤선도의 유적지에서 그의 시에 그린 풍광를 바라보자. 땅끝은 풍류와 의미가 그대로 살아있는 곳이다. 땅 끝에 갔으니 땅끝 관광지는 빠질 수 없으며, 철새도래와 공룡 화석 유적지는 아이들에게 즐거운 체험 여행지가 될 것이다.",DC067,LC007,"WT001, WT002, WT003, WT004","VW001, VW002, VW003, VW004, VW006",AC004,https://cdn.visitkorea.or.kr/img/call?cmd=VIEW&id=581bb681-824a-4453-927e-fb75c991e6fe
"(고성) 숨은 영화 촬영지가 궁금할 때, 고성 무비 로드",코스 총거리 : 26km,송지호 북쪽에 들어선 왕곡 전통마을은 강원도 북부해안 지방으로 피서여행을 갈 때 꼭 한번 들러볼만한 곳이다. 해변과의 거리는 불과 1.5km인데 묘하게도 마을에서는 파도소리를 들을 수 없다.,DC068,LC002,"WT001, WT002, WT003, WT004","VW001, VW002, VW003, VW004, VW007","AC001, AC003, AC004",https://cdn.visitkorea.or.kr/img/call?cmd=VIEW&id=378a5d75-c39b-4fcf-a4c5-cffa2df558a0
(평창~고성) 숲과 바다를 넘나드는 힐링 로드,코스 총거리 : 124km,대부분이 평지로 되어 있고 가을이면 계곡을 따라 물드는 단풍이 아름답기로 유명한 코스 선재길은 월정사부터 상원사까지 9km 숲길로 60년대 말 도로가 나기 전부터 스님과 불교신도들이 다니던 길이다.,DC069,LC002,,"VW001, VW002, VW003, VW004","AC002, AC004",https://cdn.visitkorea.or.kr/img/call?cmd=VIEW&id=bfed9751-e506-4f73-bdab-eba0e3a0f09a
양양의 7번 국도를 따라가는 바다 여행,코스 총거리 : 18km,"지경리해변에서 하조대에 이르는 양양의 바다에는 다양한 테마가 공존한다. 영화 촬영지이자 어촌체험으로 잘 알려진 남애항과 남애마을, 기암괴석과 바다가 어우러진 휴휴암, 조선의 개국공신 하륜과 조준이 아끼고 사랑했던 하조대, 출렁이는 바다가 아름답게 펼쳐지는 죽도정 산책로까지 지루하지 않은 바다 여행을 즐길 수 있다.",DC070,LC002,"WT001, WT002, WT003, WT004","VW001, VW002, VW003, VW004, VW006","AC001, AC003, AC004, AC005, AC006",https://cdn.visitkorea.or.kr/img/call?cmd=VIEW&id=8b3c9daa-bf7b-4b4c-a75a-27f8ae52a30f
"물미해안도로, 바다를 바라보며 달리다",코스 총거리 : 41.6km,"삼천포대교를 건너 남해에 이르면 물건리에서 미조리까지 이어지는 물미해안도로를 따라 푸른바다가 보석처럼 빛난다. 지족해협을 따라 펼쳐진 대나무어사리라 불리는 죽방렴에서는 우리나라 최고의 멸치를 생산하는 곳이다. 물미해안도로를 따라 독일마을과 원예예술촌, 물건리방조어부림 등 해안을 따라 둘러볼 곳이 제법 많다.",DC071,LC005,"WT001, WT002, WT003, WT004","VW001, VW002, VW003, VW004, VW006, VW007","AC001, AC002, AC003, AC004, AC005, AC006",https://cdn.visitkorea.or.kr/img/call?cmd=VIEW&id=dd10ae4e-cfe3-4a36-bf89-f3d5ecd94f1c
동해바다를 굽어보는 강릉 7번 국도 여행,코스 총거리 : 16km,"동해바다를 끼고 있는 강릉은 푸른 바다와 아름다운 해변이 일품인 고장이다. 정동진은 해맞이 명소이자 드라마 <모래시계> 촬영지로 아직까지도 많은 사랑을 받고 있다. 정동진 주변으로는 통일공원, 하슬라아트월드, 썬크루즈리조트 등 휘몰아치는 바다를 내려다볼 수 있는 곳이 많다. 동해바다를 좀더 입체적으로 즐길 수 있는 여정이다.",DC072,LC002,"WT001, WT002, WT003, WT004","VW001, VW002, VW003, VW004, VW006","AC001, AC002, AC004",https://cdn.visitkorea.or.kr/img/call?cmd=VIEW&id=6f6db619-b6a1-4f40-b0a0-3bd6c23fa179
고구려 온달 장군의 자취를 찾아서,코스 총거리 : 25km,"단양 읍내를 벗어나면 소백산과 남한강 사이로 절경이 펼쳐진다. 영춘면 온달관광지는 온달 장군의 슬픈 역사가 흐르는 곳으로 온달동굴과 온달산성, 역사 드라마 촬영 세트장을 함께 둘러볼 수 있다. 남한강을 따라 한산하게 이어지는 522번 지방도와 구인사로 이어지는 595번 지방도는 드라이브 코스로 그만이다.",DC073,LC003,"WT001, WT002, WT005","VW001, VW004, VW006, VW008","AC001, AC004, AC005, AC006",https://cdn.visitkorea.or.kr/img/call?cmd=VIEW&id=7026b3e0-9752-4cff-81db-ce4a1db45a65
"(고성) 타박타박 해파랑길 걸으며, 별미 여행",코스 총거리 : 18.1km,속초에서 북쪽으로 12km 떨어져 있는 삼포해변은 해당화와 울창한 소나무 솔숲이 유명하다.,DC074,LC002,"WT001, WT002, WT003","VW001, VW002, VW003, VW004","AC001, AC004, AC005",https://cdn.visitkorea.or.kr/img/call?cmd=VIEW&id=8f5f1074-11f0-43d3-9808-54c30ad1b9c2
"부산의 아름다운 낮과 밤을 느끼는 주경, 야경 여행",코스 총거리 : 24.68km,"부산의 아름다운 낮과 밤, 해운대 달맞이길 부터 광안대교 까지, 부산의 주경과 야경을 함께 즐기는 1석 2조 시티투어 여행이다. 자가용을 이용한 드라이브 여행이 아니라면 부산 시티투어 BUTI를 이용해 보는 건 어떨까? - 2015 시티투어 책자 참고",DC075,LC004,"WT001, WT002, WT003, WT004","VW001, VW002, VW003, VW004, VW005, VW007","AC001, AC002, AC004",https://cdn.visitkorea.or.kr/img/call?cmd=VIEW&id=d65ef1c0-46a9-4c35-a6ff-1f0e7f422614
청평호반과 유명산을 두루 즐기는 웰빙여행,코스 총거리 : 약 50㎞,"가평군은 유명산, 연인산, 명지산, 축령산, 운악산 등 84%가 산악으로 이루어져 있다. 유명산은 계곡이 깊어 물이 풍부하고 곳곳에 용소가 형성돼 보기 좋다. 유명산자연휴양림 주변으로 많은 캠핑장이 둥지를 틀었다. 또, 북한강에 펼쳐진 청평호반은 각종 레포츠의 메카이자 데이트코스, 드라이브코스로도 유명하다.",DC076,LC002,"WT001, WT002, WT003, WT004","VW001, VW002, VW008","AC001, AC002, AC003, AC005",https://cdn.visitkorea.or.kr/img/call?cmd=VIEW&id=58706d9a-de43-48cc-a03d-9fd55e5ee333
태안의 가장 아름다운 해변캠핑을 즐기다,코스 총거리 : 64.9KM,태안의 바닷가는 울창한 해송숲이 이어져 있어 캠핑 마니아들에게 인기가 많다. 파도소리를 벗삼아 시간을 보내고 여유 있는 일몰을 즐길 수 있는 것도 큰 장점이다. 학암포오토캠핑장은 급수대와 샤워장 등 오토캠핑을 즐길 수 있는 편의 시설이 잘 갖추어져 있다. 캠핑을 마치고 돌아가는 길에 구름포해수욕장과 천리포수목원으로 이어지는 드라이브를 즐겨보자.,DC077,LC003,"WT001, WT002, WT003","VW001, VW002, VW003, VW007","AC001, AC002, AC004, AC005",https://cdn.visitkorea.or.kr/img/call?cmd=VIEW&id=f9d838c1-989f-4fac-b680-9bf9ff9f53ed
운치 있는 산사에서의 하루,코스 총거리 : 77km(걷기길 2km 포함),"깊은 자연 속 운치 가득한 산사에서 보내는 하루. 그저 사찰 안에 가만히 앉아만 있어도 저절로 힐링 되는 기분이다. 사찰이라고 해서 모두가 같은 분위기를 지니고 있는 건 아니다. 작고 아담한 정혜사부터 야생차로 유명한 선암사, 우리나라 삼보사찰인 송광사까지 서로 다른 매력에 흠뻑 빠져보자. 선암사까지 약 30분 정도 가벼운 산책을 즐기고 주암호 드라이브도 만끽해보자.",DC078,LC007,"WT001, WT002, WT004","VW001, VW002, VW004, VW006, VW007","AC001, AC004, AC005",https://cdn.visitkorea.or.kr/img/call?cmd=VIEW&id=b5572d38-6add-4175-9d23-db5e51a15457
대통령의 별장을 거닐다,코스 총거리 : 20.7km,"대청댐이 들어선 이후 조성된 청남대는 역대 대통령들이 휴가를 보내던 대통령 전용별장이다. 대청호의 수려한 풍광이 펼쳐지는 아름다운 집과 길이 끊임없이 이어져 있다. 드라마 황금의 제국, 제빵왕 김탁구, 영화 효자동이발사 등이 촬영되기도 했다. 청남대와 함께 대청호를 따라 드라이브를 즐기거나 문의문화재단지, 현암사, 대청댐에서 호수의 정경을 만끽해 보는 것도 좋다.",DC079,LC003,"WT001, WT002","VW001, VW002, VW004, VW006","AC001, AC002, AC005",https://cdn.visitkorea.or.kr/img/call?cmd=VIEW&id=2b90cee3-b608-4006-84dc-31be8b9cb0ef